<?xml version="1.0" encoding="UTF-8" standalone="yes"?>
<feed>
	<!-- resultLength indicates the total number of results for this feed -->
	<resultLength>3</resultLength>
	<!-- endIndix  indicates the number of results for this *paged* section of the feed -->
	<endIndex>3</endIndex>
	<item sdImg="http://192.168.0.104/img/" hdImg="http://192.168.0.104/img/">
		<title></title>
		<contentId>10001</contentId>
		<contentType>Talk</contentType>
		<contentQuality>SD</contentQuality>
		<streamFormat>mp4</streamFormat>
		<media>
			<streamQuality>SD</streamQuality>
			<streamBitrate>1500</streamBitrate>
			<streamUrl></streamUrl>
		</media>
		<synopsis></synopsis>
		<genres>Clip</genres>
		<runtime>1260</runtime>
	</item>	
	<item sdImg="http://192.168.0.104/img/" hdImg="http://192.168.0.104/img/">
		<title></title>
		<contentId>10002</contentId>
		<contentType>Talk</contentType>
		<contentQuality>SD</contentQuality>
		<streamFormat>mp4</streamFormat>
		<media>
			<streamQuality>SD</streamQuality>
			<streamBitrate>1500</streamBitrate>
			<streamUrl></streamUrl>
		</media>
		<synopsis></synopsis>
		<genres>Clip</genres>
		<runtime>1280</runtime>
	</item>
        <item sdImg="http://192.168.0.104/img/" hdImg="http://192.168.0.104/img/">
                <title></title>
                <contentId>10002</contentId>
                <contentType>Talk</contentType>
                <contentQuality>SD</contentQuality>
                <streamFormat>mp4</streamFormat>
                <media>
                        <streamQuality>SD</streamQuality>
                        <streamBitrate>1500</streamBitrate>
                        <streamUrl></streamUrl>
                </media>                
		<synopsis></synopsis>
                <genres>Clip</genres>
                <runtime>1280</runtime>
        </item>
</feed>
