<?xml version="1.0" encoding="UTF-8" standalone="yes"?>
<feed>
	<!-- resultLength indicates the total number of results for this feed -->
	<resultLength>3</resultLength>
	<!-- endIndix  indicates the number of results for this *paged* section of the feed -->
	<endIndex>7</endIndex>
	<item sdImg="http://192.168.0.104/img/cars.jpg" hdImg="http://192.168.0.104/img/cars.jpg">
		<title>Cars</title>
		<contentId>10001</contentId>
		<contentType>Talk</contentType>
		<contentQuality>SD</contentQuality>
		<streamFormat>mp4</streamFormat>
		<media>
			<streamQuality>SD</streamQuality>
			<streamBitrate>0</streamBitrate>
			<streamUrl>http://192.168.0.104/CARS.mp4</streamUrl>
		</media>
		<synopsis></synopsis>
		<genres>Movie</genres>
		<runtime>1260</runtime>
	</item>	
	<item sdImg="http://192.168.0.104/img/curiousgeorge.jpg" hdImg="http://192.168.0.104/img/curiousgeorge.jpg">
		<title>Curious George</title>
		<contentId>10002</contentId>
		<contentType>Talk</contentType>
		<contentQuality>SD</contentQuality>
		<streamFormat>mp4</streamFormat>
		<media>
			<streamQuality>SD</streamQuality>
			<streamBitrate>0</streamBitrate>
			<streamUrl>http://192.168.0.104/Curiousgeorgemovie.mp4</streamUrl>
		</media>
		<synopsis></synopsis>
		<genres>Movie</genres>
		<runtime>1260</runtime>
	</item>	
	<item sdImg="http://192.168.0.104/img/happyfeet.jpg" hdImg="http://192.168.0.104/img/happyfeet.jpg">
		<title>Happy Feet</title>
		<contentId>10003</contentId>
		<contentType>Talk</contentType>
		<contentQuality>SD</contentQuality>
		<streamFormat>mp4</streamFormat>
		<media>
			<streamQuality>SD</streamQuality>
			<streamBitrate>0</streamBitrate>
			<streamUrl>http://192.168.0.104/happyfeet.mp4</streamUrl>
		</media>
		<synopsis></synopsis>
		<genres>Movie</genres>
		<runtime>1260</runtime>
	</item>	
	<item sdImg="http://192.168.0.104/img/cinderella.jpg" hdImg="http://192.168.0.104/img/cinderella.jpg">
		<title>Cinderella</title>
		<contentId>10004</contentId>
		<contentType>Talk</contentType>
		<contentQuality>SD</contentQuality>
		<streamFormat>mp4</streamFormat>
		<media>
			<streamQuality>SD</streamQuality>
			<streamBitrate>0</streamBitrate>
			<streamUrl>http://192.168.0.104/Cinderella.mp4</streamUrl>
		</media>
		<synopsis></synopsis>
		<genres>Movie</genres>
		<runtime>1260</runtime>
	</item>	
	<item sdImg="http://192.168.0.104/img/ladyandtramp.jpg" hdImg="http://192.168.0.104/img/ladyandtramp.jpg">
		<title>Lady and the Tramp</title>
		<contentId>10005</contentId>
		<contentType>Talk</contentType>
		<contentQuality>SD</contentQuality>
		<streamFormat>mp4</streamFormat>
		<media>
			<streamQuality>SD</streamQuality>
			<streamBitrate>0</streamBitrate>
			<streamUrl>http://192.168.0.104/ladyTramp.mp4</streamUrl>
		</media>
		<synopsis></synopsis>
		<genres>Movie</genres>
		<runtime>1260</runtime>
	</item>	
	<item sdImg="http://192.168.0.104/img/flushedaway.jpg" hdImg="http://192.168.0.104/img/flushedaway.jpg">
		<title>Flushed Away</title>
		<contentId>10006</contentId>
		<contentType>Talk</contentType>
		<contentQuality>SD</contentQuality>
		<streamFormat>mp4</streamFormat>
		<media>
			<streamQuality>SD</streamQuality>
			<streamBitrate>0</streamBitrate>
			<streamUrl>http://192.168.0.104/FlushedAway.mp4</streamUrl>
		</media>
		<synopsis></synopsis>
		<genres>Movie</genres>
		<runtime>1260</runtime>
	</item>	
	<item sdImg="http://192.168.0.104/img/galileo.jpg" hdImg="http://192.168.0.104/img/galileo.jpg">
		<title>Baby Einstein Galileo</title>
		<contentId>10007</contentId>
		<contentType>Talk</contentType>
		<contentQuality>SD</contentQuality>
		<streamFormat>mp4</streamFormat>
		<media>
			<streamQuality>SD</streamQuality>
			<streamBitrate>0</streamBitrate>
			<streamUrl>http://192.168.0.104/galileo.mp4</streamUrl>
		</media>
		<synopsis></synopsis>
		<genres>Movie</genres>
		<runtime>1260</runtime>
	</item>	

</feed>
